Week,Platform,SearchVolume,SearchVolumeNorm
2018-12-30,YouTube,100,2.1274272616178154
2018-12-30,Instagram,91,0.7095290202089497
2018-12-30,LinkedIn,61,-2.9374892698178496
2018-12-30,Facebook,99,1.611559712211267
2019-01-06,LinkedIn,89,0.21514813987923775
2019-01-06,Instagram,80,-0.7838976926501054
2019-01-06,YouTube,94,0.6892955928384953
2019-01-06,Facebook,100,1.7194551812164565
2019-01-13,Facebook,95,1.1799778361905098
2019-01-13,LinkedIn,86,-0.12263443973116449
2019-01-13,YouTube,92,0.20991836991205523
2019-01-13,Instagram,81,-0.6481316278447369
2019-01-20,LinkedIn,86,-0.12263443973116449
2019-01-20,Facebook,92,0.8562914291749417
2019-01-20,YouTube,95,0.9289842043017152
2019-01-20,Instagram,83,-0.3765994982339995
2019-01-27,LinkedIn,82,-0.5730112125450342
2019-01-27,Facebook,95,1.1799778361905098
2019-01-27,YouTube,94,0.6892955928384953
2019-01-27,Instagram,78,-1.0554298222608427
2019-02-03,YouTube,96,1.1686728157649353
2019-02-03,LinkedIn,86,-0.12263443973116449
2019-02-03,Facebook,92,0.8562914291749417
2019-02-03,Instagram,81,-0.6481316278447369
2019-02-10,LinkedIn,86,-0.12263443973116449
2019-02-10,YouTube,99,1.8877386501545952
2019-02-10,Instagram,79,-0.9196637574554741
2019-02-10,Facebook,92,0.8562914291749417
2019-02-17,Facebook,92,0.8562914291749417
2019-02-17,Instagram,83,-0.3765994982339995
2019-02-17,YouTube,95,0.9289842043017152
2019-02-17,LinkedIn,91,0.4403365262861726
2019-02-24,Facebook,90,0.640500491164563
2019-02-24,YouTube,89,-0.5091474644776047
2019-02-24,Instagram,78,-1.0554298222608427
2019-02-24,LinkedIn,79,-0.9107937921554363
2019-03-03,Facebook,90,0.640500491164563
2019-03-03,YouTube,89,-0.5091474644776047
2019-03-03,Instagram,80,-0.7838976926501054
2019-03-03,LinkedIn,81,-0.6856054057485016
2019-03-10,LinkedIn,83,-0.4604170193415667
2019-03-10,Facebook,92,0.8562914291749417
2019-03-10,Instagram,93,0.981061149819687
2019-03-10,YouTube,90,-0.26945885301438477
2019-03-17,LinkedIn,81,-0.6856054057485016
2019-03-17,Instagram,81,-0.6481316278447369
2019-03-17,YouTube,93,0.4496069813752752
2019-03-17,Facebook,85,0.10102314613861633
2019-03-24,YouTube,92,0.20991836991205523
2019-03-24,Instagram,81,-0.6481316278447369
2019-03-24,Facebook,91,0.7483959601697523
2019-03-24,LinkedIn,82,-0.5730112125450342
2019-03-31,YouTube,91,-0.029770241551164766
2019-03-31,Instagram,78,-1.0554298222608427
2019-03-31,Facebook,83,-0.11476779187176234
2019-03-31,LinkedIn,84,-0.34782282613809934
2019-04-07,Facebook,89,0.5326050221593737
2019-04-07,YouTube,88,-0.7488360759408248
2019-04-07,Instagram,76,-1.32696195187158
2019-04-07,LinkedIn,85,-0.2352286329346319
2019-04-14,Facebook,93,0.964186898180131
2019-04-14,Instagram,82,-0.5123655630393682
2019-04-14,LinkedIn,75,-1.361170564969306
2019-04-14,YouTube,88,-0.7488360759408248
2019-04-21,Instagram,80,-0.7838976926501054
2019-04-21,LinkedIn,77,-1.1359821785623712
2019-04-21,Facebook,87,0.316814084148995
2019-04-21,YouTube,89,-0.5091474644776047
2019-04-28,Instagram,81,-0.6481316278447369
2019-04-28,LinkedIn,81,-0.6856054057485016
2019-04-28,Facebook,88,0.42470955315418435
2019-04-28,YouTube,90,-0.26945885301438477
2019-05-05,Facebook,89,0.5326050221593737
2019-05-05,Instagram,80,-0.7838976926501054
2019-05-05,LinkedIn,90,0.3277423330827052
2019-05-05,YouTube,91,-0.029770241551164766
2019-05-12,Instagram,85,-0.10506736862326224
2019-05-12,Facebook,91,0.7483959601697523
2019-05-12,YouTube,94,0.6892955928384953
2019-05-12,LinkedIn,88,0.10255394667577034
2019-05-19,Facebook,91,0.7483959601697523
2019-05-19,Instagram,84,-0.2408334334286309
2019-05-19,YouTube,97,1.4083614272281553
2019-05-19,LinkedIn,88,0.10255394667577034
2019-05-26,Facebook,93,0.964186898180131
2019-05-26,YouTube,94,0.6892955928384953
2019-05-26,LinkedIn,85,-0.2352286329346319
2019-05-26,Instagram,84,-0.2408334334286309
2019-06-02,YouTube,91,-0.029770241551164766
2019-06-02,LinkedIn,95,0.8907132991000423
2019-06-02,Facebook,90,0.640500491164563
2019-06-02,Instagram,88,0.3022308257928437
2019-06-09,YouTube,90,-0.26945885301438477
2019-06-09,LinkedIn,97,1.115901685506977
2019-06-09,Instagram,96,1.3883593442357929
2019-06-09,Facebook,92,0.8562914291749417
2019-06-16,LinkedIn,94,0.7781191058965748
2019-06-16,Instagram,93,0.981061149819687
2019-06-16,YouTube,95,0.9289842043017152
2019-06-16,Facebook,88,0.42470955315418435
2019-06-23,LinkedIn,90,0.3277423330827052
2019-06-23,Instagram,92,0.8452950850143183
2019-06-23,YouTube,88,-0.7488360759408248
2019-06-23,Facebook,86,0.20891861514380566
2019-06-30,Instagram,99,1.795657538651899
2019-06-30,YouTube,86,-1.2282132988672647
2019-06-30,Facebook,91,0.7483959601697523
2019-06-30,LinkedIn,82,-0.5730112125450342
2019-07-07,Instagram,94,1.1168272146250555
2019-07-07,LinkedIn,96,1.0033074923035097
2019-07-07,YouTube,88,-0.7488360759408248
2019-07-07,Facebook,84,-0.006872322866572998
2019-07-14,Instagram,96,1.3883593442357929
2019-07-14,YouTube,86,-1.2282132988672647
2019-07-14,LinkedIn,92,0.55293071948964
2019-07-14,Facebook,91,0.7483959601697523
2019-07-21,Facebook,91,0.7483959601697523
2019-07-21,YouTube,84,-1.7075905217937049
2019-07-21,LinkedIn,85,-0.2352286329346319
2019-07-21,Instagram,93,0.981061149819687
2019-07-28,Instagram,95,1.2525932794304242
2019-07-28,YouTube,86,-1.2282132988672647
2019-07-28,Facebook,87,0.316814084148995
2019-07-28,LinkedIn,86,-0.12263443973116449
2019-08-04,LinkedIn,82,-0.5730112125450342
2019-08-04,Facebook,86,0.20891861514380566
2019-08-04,Instagram,97,1.5241254090411616
2019-08-04,YouTube,84,-1.7075905217937049
2019-08-11,LinkedIn,85,-0.2352286329346319
2019-08-11,YouTube,89,-0.5091474644776047
2019-08-11,Instagram,92,0.8452950850143183
2019-08-11,Facebook,82,-0.22266326087695168
2019-08-18,Instagram,97,1.5241254090411616
2019-08-18,LinkedIn,91,0.4403365262861726
2019-08-18,YouTube,90,-0.26945885301438477
2019-08-18,Facebook,84,-0.006872322866572998
2019-08-25,Instagram,90,0.573762955403581
2019-08-25,LinkedIn,90,0.3277423330827052
2019-08-25,YouTube,89,-0.5091474644776047
2019-08-25,Facebook,84,-0.006872322866572998
2019-09-01,LinkedIn,91,0.4403365262861726
2019-09-01,Facebook,81,-0.330558729882141
2019-09-01,Instagram,92,0.8452950850143183
2019-09-01,YouTube,86,-1.2282132988672647
2019-09-08,Facebook,79,-0.5463496678925197
2019-09-08,YouTube,89,-0.5091474644776047
2019-09-08,Instagram,92,0.8452950850143183
2019-09-08,LinkedIn,100,1.4536842651173794
2019-09-15,Facebook,80,-0.43845419888733034
2019-09-15,YouTube,87,-0.9885246874040448
2019-09-15,Instagram,86,0.03069869618210641
2019-09-15,LinkedIn,95,0.8907132991000423
2019-09-22,Instagram,89,0.43799689059821234
2019-09-22,LinkedIn,96,1.0033074923035097
2019-09-22,Facebook,80,-0.43845419888733034
2019-09-22,YouTube,87,-0.9885246874040448
2019-09-29,Facebook,81,-0.330558729882141
2019-09-29,YouTube,90,-0.26945885301438477
2019-09-29,Instagram,91,0.7095290202089497
2019-09-29,LinkedIn,94,0.7781191058965748
2019-10-06,Facebook,80,-0.43845419888733034
2019-10-06,Instagram,97,1.5241254090411616
2019-10-06,YouTube,86,-1.2282132988672647
2019-10-06,LinkedIn,92,0.55293071948964
2019-10-13,Instagram,90,0.573762955403581
2019-10-13,LinkedIn,94,0.7781191058965748
2019-10-13,YouTube,88,-0.7488360759408248
2019-10-13,Facebook,80,-0.43845419888733034
2019-10-20,YouTube,90,-0.26945885301438477
2019-10-20,Instagram,93,0.981061149819687
2019-10-20,Facebook,76,-0.8700360749080877
2019-10-20,LinkedIn,94,0.7781191058965748
2019-10-27,Instagram,85,-0.10506736862326224
2019-10-27,LinkedIn,89,0.21514813987923775
2019-10-27,YouTube,87,-0.9885246874040448
2019-10-27,Facebook,79,-0.5463496678925197
2019-11-03,Facebook,78,-0.654245136897709
2019-11-03,YouTube,87,-0.9885246874040448
2019-11-03,Instagram,89,0.43799689059821234
2019-11-03,LinkedIn,95,0.8907132991000423
2019-11-10,YouTube,88,-0.7488360759408248
2019-11-10,Instagram,86,0.03069869618210641
2019-11-10,Facebook,79,-0.5463496678925197
2019-11-10,LinkedIn,99,1.3410900719139118
2019-11-17,YouTube,84,-1.7075905217937049
2019-11-17,Instagram,85,-0.10506736862326224
2019-11-17,Facebook,83,-0.11476779187176234
2019-11-17,LinkedIn,93,0.6655249126931074
2019-11-24,LinkedIn,79,-0.9107937921554363
2019-11-24,YouTube,83,-1.9472791332569248
2019-11-24,Instagram,81,-0.6481316278447369
2019-11-24,Facebook,79,-0.5463496678925197
2019-12-01,Facebook,76,-0.8700360749080877
2019-12-01,LinkedIn,88,0.10255394667577034
2019-12-01,Instagram,83,-0.3765994982339995
2019-12-01,YouTube,86,-1.2282132988672647
2019-12-08,YouTube,86,-1.2282132988672647
2019-12-08,Facebook,79,-0.5463496678925197
2019-12-08,Instagram,85,-0.10506736862326224
2019-12-08,LinkedIn,87,-0.010040246527697078
2019-12-15,Instagram,86,0.03069869618210641
2019-12-15,LinkedIn,82,-0.5730112125450342
2019-12-15,YouTube,89,-0.5091474644776047
2019-12-15,Facebook,80,-0.43845419888733034
2019-12-22,Facebook,80,-0.43845419888733034
2019-12-22,YouTube,91,-0.029770241551164766
2019-12-22,LinkedIn,55,-3.6130544290386544
2019-12-22,Instagram,94,1.1168272146250555
2019-12-29,Facebook,81,-0.330558729882141
2019-12-29,TikTok,22,-3.4462294641966347
2019-12-29,LinkedIn,65,-2.48711249700398
2019-12-29,Instagram,100,1.9314236034572676
2019-12-29,YouTube,86,-1.2282132988672647
2019-12-29,Twitter,69,-1.2953358332034919
2020-01-05,Twitter,69,-1.2953358332034919
2020-01-05,Instagram,85,-0.10506736862326224
2020-01-05,TikTok,22,-3.4462294641966347
2020-01-05,LinkedIn,84,-0.34782282613809934
2020-01-05,Facebook,90,0.640500491164563
2020-01-05,YouTube,85,-1.4679019103304847
2020-01-12,LinkedIn,88,0.10255394667577034
2020-01-12,Twitter,63,-2.0215369493931807
2020-01-12,YouTube,86,-1.2282132988672647
2020-01-12,TikTok,21,-3.506088395489363
2020-01-12,Facebook,91,0.7483959601697523
2020-01-12,Instagram,86,0.03069869618210641
2020-01-19,LinkedIn,100,1.4536842651173794
2020-01-19,Facebook,92,0.8562914291749417
2020-01-19,Instagram,84,-0.2408334334286309
2020-01-19,Twitter,68,-1.41636935256844
2020-01-19,YouTube,92,0.20991836991205523
2020-01-19,TikTok,24,-3.3265116016111773
2020-01-26,Instagram,89,0.43799689059821234
2020-01-26,Facebook,89,0.5326050221593737
2020-01-26,YouTube,88,-0.7488360759408248
2020-01-26,LinkedIn,99,1.3410900719139118
2020-01-26,Twitter,71,-1.0532687944735954
2020-01-26,TikTok,23,-3.386370532903906
2020-02-02,Twitter,69,-1.2953358332034919
2020-02-02,Facebook,87,0.316814084148995
2020-02-02,YouTube,87,-0.9885246874040448
2020-02-02,TikTok,23,-3.386370532903906
2020-02-02,Instagram,83,-0.3765994982339995
2020-02-02,LinkedIn,90,0.3277423330827052
2020-02-09,Instagram,82,-0.5123655630393682
2020-02-09,Twitter,68,-1.41636935256844
2020-02-09,YouTube,86,-1.2282132988672647
2020-02-09,Facebook,89,0.5326050221593737
2020-02-09,LinkedIn,92,0.55293071948964
2020-02-09,TikTok,27,-3.1469348077329915
2020-02-16,Twitter,66,-1.6584363912983364
2020-02-16,YouTube,88,-0.7488360759408248
2020-02-16,Instagram,83,-0.3765994982339995
2020-02-16,LinkedIn,92,0.55293071948964
2020-02-16,TikTok,29,-3.0272169451475346
2020-02-16,Facebook,85,0.10102314613861633
2020-02-23,LinkedIn,86,-0.12263443973116449
2020-02-23,Twitter,68,-1.41636935256844
2020-02-23,YouTube,87,-0.9885246874040448
2020-02-23,TikTok,28,-3.087075876440263
2020-02-23,Facebook,82,-0.22266326087695168
2020-02-23,Instagram,82,-0.5123655630393682
2020-03-01,TikTok,30,-2.9673580138548057
2020-03-01,Facebook,91,0.7483959601697523
2020-03-01,YouTube,90,-0.26945885301438477
2020-03-01,LinkedIn,85,-0.2352286329346319
2020-03-01,Twitter,69,-1.2953358332034919
2020-03-01,Instagram,81,-0.6481316278447369
2020-03-08,Twitter,77,-0.32706767828390654
2020-03-08,TikTok,32,-2.8476401512693488
2020-03-08,LinkedIn,78,-1.0233879853589039
2020-03-08,YouTube,83,-1.9472791332569248
2020-03-08,Facebook,85,0.10102314613861633
2020-03-08,Instagram,80,-0.7838976926501054
2020-03-15,Facebook,97,1.3957687742008884
2020-03-15,TikTok,38,-2.488486563512977
2020-03-15,Instagram,93,0.981061149819687
2020-03-15,Twitter,81,0.15706639917588608
2020-03-15,YouTube,93,0.4496069813752752
2020-03-15,LinkedIn,67,-2.2619241105970453
2020-03-22,LinkedIn,66,-2.374518303800513
2020-03-22,YouTube,98,1.6480500386913752
2020-03-22,Instagram,96,1.3883593442357929
2020-03-22,Facebook,100,1.7194551812164565
2020-03-22,Twitter,80,0.036032879810937925
2020-03-22,TikTok,48,-1.889897250585691
2020-03-29,LinkedIn,70,-1.924141530986643
2020-03-29,Instagram,96,1.3883593442357929
2020-03-29,Facebook,96,1.287873305195699
2020-03-29,Twitter,78,-0.2060341589189584
2020-03-29,YouTube,99,1.8877386501545952
2020-03-29,TikTok,55,-1.4708847315365907
2020-04-05,TikTok,58,-1.291307937658405
2020-04-05,Instagram,96,1.3883593442357929
2020-04-05,Twitter,76,-0.4481011976488547
2020-04-05,LinkedIn,71,-1.8115473377831757
2020-04-05,Facebook,98,1.5036642432060776
2020-04-05,YouTube,98,1.6480500386913752
2020-04-12,TikTok,57,-1.3511668689511336
2020-04-12,YouTube,97,1.4083614272281553
2020-04-12,Instagram,98,1.6598914738465302
2020-04-12,LinkedIn,68,-2.149329917393578
2020-04-12,Facebook,93,0.964186898180131
2020-04-12,Twitter,77,-0.32706767828390654
2020-04-19,TikTok,62,-1.0518722124874906
2020-04-19,Facebook,94,1.0720823671853204
2020-04-19,YouTube,100,2.1274272616178154
2020-04-19,Instagram,92,0.8452950850143183
2020-04-19,Twitter,77,-0.32706767828390654
2020-04-19,LinkedIn,76,-1.2485763717658387
2020-04-26,TikTok,59,-1.2314490063656764
2020-04-26,YouTube,96,1.1686728157649353
2020-04-26,Twitter,73,-0.8112017557436992
2020-04-26,Instagram,94,1.1168272146250555
2020-04-26,LinkedIn,73,-1.5863589513762408
2020-04-26,Facebook,91,0.7483959601697523
2020-05-03,Facebook,92,0.8562914291749417
2020-05-03,YouTube,93,0.4496069813752752
2020-05-03,Instagram,95,1.2525932794304242
2020-05-03,TikTok,59,-1.2314490063656764
2020-05-03,LinkedIn,80,-0.798199598951969
2020-05-03,Twitter,68,-1.41636935256844
2020-05-10,TikTok,55,-1.4708847315365907
2020-05-10,Instagram,92,0.8452950850143183
2020-05-10,YouTube,92,0.20991836991205523
2020-05-10,Facebook,93,0.964186898180131
2020-05-10,LinkedIn,76,-1.2485763717658387
2020-05-10,Twitter,72,-0.9322352751086473
2020-05-17,Instagram,96,1.3883593442357929
2020-05-17,Facebook,85,0.10102314613861633
2020-05-17,YouTube,91,-0.029770241551164766
2020-05-17,LinkedIn,76,-1.2485763717658387
2020-05-17,TikTok,65,-0.8722954186093047
2020-05-17,Twitter,73,-0.8112017557436992
2020-05-24,Twitter,82,0.27809991854083427
2020-05-24,LinkedIn,71,-1.8115473377831757
2020-05-24,Facebook,87,0.316814084148995
2020-05-24,Instagram,94,1.1168272146250555
2020-05-24,YouTube,88,-0.7488360759408248
2020-05-24,TikTok,56,-1.4110258002438623
2020-05-31,LinkedIn,78,-1.0233879853589039
2020-05-31,Facebook,89,0.5326050221593737
2020-05-31,Instagram,100,1.9314236034572676
2020-05-31,YouTube,90,-0.26945885301438477
2020-05-31,TikTok,54,-1.5307436628293194
2020-05-31,Twitter,89,1.1253345540954713
2020-06-07,LinkedIn,79,-0.9107937921554363
2020-06-07,TikTok,56,-1.4110258002438623
2020-06-07,Instagram,92,0.8452950850143183
2020-06-07,Facebook,88,0.42470955315418435
2020-06-07,YouTube,88,-0.7488360759408248
2020-06-07,Twitter,75,-0.5691347170138029
2020-06-14,YouTube,89,-0.5091474644776047
2020-06-14,LinkedIn,83,-0.4604170193415667
2020-06-14,Instagram,89,0.43799689059821234
2020-06-14,Facebook,82,-0.22266326087695168
2020-06-14,TikTok,59,-1.2314490063656764
2020-06-14,Twitter,77,-0.32706767828390654
2020-06-21,Instagram,94,1.1168272146250555
2020-06-21,Twitter,76,-0.4481011976488547
2020-06-21,YouTube,87,-0.9885246874040448
2020-06-21,TikTok,63,-0.992013281194762
2020-06-21,Facebook,90,0.640500491164563
2020-06-21,LinkedIn,82,-0.5730112125450342
2020-06-28,YouTube,85,-1.4679019103304847
2020-06-28,Facebook,89,0.5326050221593737
2020-06-28,TikTok,80,0.025588550781624326
2020-06-28,Twitter,79,-0.08500063955401024
2020-06-28,Instagram,97,1.5241254090411616
2020-06-28,LinkedIn,82,-0.5730112125450342
2020-07-05,Twitter,79,-0.08500063955401024
2020-07-05,Facebook,85,0.10102314613861633
2020-07-05,YouTube,90,-0.26945885301438477
2020-07-05,TikTok,100,1.2227671766361965
2020-07-05,Instagram,97,1.5241254090411616
2020-07-05,LinkedIn,85,-0.2352286329346319
2020-07-12,LinkedIn,86,-0.12263443973116449
2020-07-12,TikTok,66,-0.8124364873165761
2020-07-12,Instagram,99,1.795657538651899
2020-07-12,YouTube,87,-0.9885246874040448
2020-07-12,Twitter,79,-0.08500063955401024
2020-07-12,Facebook,84,-0.006872322866572998
2020-07-19,Twitter,77,-0.32706767828390654
2020-07-19,LinkedIn,86,-0.12263443973116449
2020-07-19,Instagram,94,1.1168272146250555
2020-07-19,YouTube,88,-0.7488360759408248
2020-07-19,Facebook,83,-0.11476779187176234
2020-07-19,TikTok,57,-1.3511668689511336
2020-07-26,Twitter,77,-0.32706767828390654
2020-07-26,LinkedIn,87,-0.010040246527697078
2020-07-26,YouTube,86,-1.2282132988672647
2020-07-26,Instagram,91,0.7095290202089497
2020-07-26,Facebook,83,-0.11476779187176234
2020-07-26,TikTok,82,0.14530641336708153
2020-08-02,LinkedIn,79,-0.9107937921554363
2020-08-02,YouTube,84,-1.7075905217937049
2020-08-02,Instagram,92,0.8452950850143183
2020-08-02,Facebook,83,-0.11476779187176234
2020-08-02,Twitter,78,-0.2060341589189584
2020-08-02,TikTok,85,0.32488320724526737
2020-08-09,TikTok,64,-0.9321543499020334
2020-08-09,Facebook,84,-0.006872322866572998
2020-08-09,Twitter,78,-0.2060341589189584
2020-08-09,Instagram,91,0.7095290202089497
2020-08-09,LinkedIn,76,-1.2485763717658387
2020-08-09,YouTube,86,-1.2282132988672647
2020-08-16,Twitter,80,0.036032879810937925
2020-08-16,Instagram,92,0.8452950850143183
2020-08-16,Facebook,83,-0.11476779187176234
2020-08-16,LinkedIn,79,-0.9107937921554363
2020-08-16,TikTok,62,-1.0518722124874906
2020-08-16,YouTube,89,-0.5091474644776047
2020-08-23,Twitter,79,-0.08500063955401024
2020-08-23,LinkedIn,83,-0.4604170193415667
2020-08-23,Instagram,87,0.16646476098747506
2020-08-23,Facebook,80,-0.43845419888733034
2020-08-23,YouTube,84,-1.7075905217937049
2020-08-23,TikTok,62,-1.0518722124874906
2020-08-30,Facebook,80,-0.43845419888733034
2020-08-30,LinkedIn,81,-0.6856054057485016
2020-08-30,YouTube,88,-0.7488360759408248
2020-08-30,Twitter,78,-0.2060341589189584
2020-08-30,Instagram,92,0.8452950850143183
2020-08-30,TikTok,65,-0.8722954186093047
2020-09-06,TikTok,76,-0.2138471743892901
2020-09-06,Facebook,81,-0.330558729882141
2020-09-06,Instagram,89,0.43799689059821234
2020-09-06,YouTube,86,-1.2282132988672647
2020-09-06,LinkedIn,82,-0.5730112125450342
2020-09-06,Twitter,76,-0.4481011976488547
2020-09-13,LinkedIn,83,-0.4604170193415667
2020-09-13,Facebook,80,-0.43845419888733034
2020-09-13,YouTube,86,-1.2282132988672647
2020-09-13,TikTok,74,-0.3335650369747473
2020-09-13,Twitter,77,-0.32706767828390654
2020-09-13,Instagram,89,0.43799689059821234
2020-09-20,Instagram,88,0.3022308257928437
2020-09-20,Facebook,81,-0.330558729882141
2020-09-20,Twitter,73,-0.8112017557436992
2020-09-20,LinkedIn,78,-1.0233879853589039
2020-09-20,YouTube,88,-0.7488360759408248
2020-09-20,TikTok,68,-0.6927186247311189
2020-09-27,Facebook,79,-0.5463496678925197
2020-09-27,Twitter,81,0.15706639917588608
2020-09-27,YouTube,87,-0.9885246874040448
2020-09-27,LinkedIn,74,-1.4737647581727735
2020-09-27,Instagram,88,0.3022308257928437
2020-09-27,TikTok,60,-1.1715900750729478
2020-10-04,YouTube,86,-1.2282132988672647
2020-10-04,Facebook,81,-0.330558729882141
2020-10-04,Twitter,82,0.27809991854083427
2020-10-04,Instagram,85,-0.10506736862326224
2020-10-04,TikTok,62,-1.0518722124874906
2020-10-04,LinkedIn,79,-0.9107937921554363
2020-10-11,Facebook,79,-0.5463496678925197
2020-10-11,Twitter,80,0.036032879810937925
2020-10-11,YouTube,87,-0.9885246874040448
2020-10-11,TikTok,58,-1.291307937658405
2020-10-11,Instagram,89,0.43799689059821234
2020-10-11,LinkedIn,68,-2.149329917393578
2020-10-18,Facebook,81,-0.330558729882141
2020-10-18,TikTok,59,-1.2314490063656764
2020-10-18,LinkedIn,71,-1.8115473377831757
2020-10-18,Twitter,74,-0.690168236378751
2020-10-18,Instagram,90,0.573762955403581
2020-10-18,YouTube,86,-1.2282132988672647
2020-10-25,Twitter,75,-0.5691347170138029
2020-10-25,LinkedIn,66,-2.374518303800513
2020-10-25,YouTube,85,-1.4679019103304847
2020-10-25,TikTok,61,-1.111731143780219
2020-10-25,Facebook,78,-0.654245136897709
2020-10-25,Instagram,86,0.03069869618210641
2020-11-01,Instagram,79,-0.9196637574554741
2020-11-01,LinkedIn,62,-2.8248950766143825
2020-11-01,Twitter,100,2.4567032671099014
2020-11-01,Facebook,76,-0.8700360749080877
2020-11-01,TikTok,57,-1.3511668689511336
2020-11-01,YouTube,80,-2.6663449676465847
2020-11-08,LinkedIn,70,-1.924141530986643
2020-11-08,TikTok,61,-1.111731143780219
2020-11-08,Instagram,89,0.43799689059821234
2020-11-08,Facebook,75,-0.977931543913277
2020-11-08,Twitter,91,1.3674015928253678
2020-11-08,YouTube,90,-0.26945885301438477
2020-11-15,TikTok,62,-1.0518722124874906
2020-11-15,LinkedIn,70,-1.924141530986643
2020-11-15,Twitter,78,-0.2060341589189584
2020-11-15,Facebook,77,-0.7621406059028983
2020-11-15,YouTube,86,-1.2282132988672647
2020-11-15,Instagram,87,0.16646476098747506
2020-11-22,LinkedIn,64,-2.5997066902074475
2020-11-22,Facebook,77,-0.7621406059028983
2020-11-22,TikTok,66,-0.8124364873165761
2020-11-22,Twitter,76,-0.4481011976488547
2020-11-22,YouTube,87,-0.9885246874040448
2020-11-22,Instagram,86,0.03069869618210641
2020-11-29,Twitter,74,-0.690168236378751
2020-11-29,Instagram,83,-0.3765994982339995
2020-11-29,YouTube,84,-1.7075905217937049
2020-11-29,LinkedIn,64,-2.5997066902074475
2020-11-29,TikTok,68,-0.6927186247311189
2020-11-29,Facebook,75,-0.977931543913277
2020-12-06,TikTok,71,-0.5131418308529331
2020-12-06,LinkedIn,65,-2.48711249700398
2020-12-06,YouTube,84,-1.7075905217937049
2020-12-06,Instagram,87,0.16646476098747506
2020-12-06,Facebook,78,-0.654245136897709
2020-12-06,Twitter,74,-0.690168236378751
2020-12-13,YouTube,88,-0.7488360759408248
2020-12-13,TikTok,71,-0.5131418308529331
2020-12-13,Instagram,86,0.03069869618210641
2020-12-13,LinkedIn,64,-2.5997066902074475
2020-12-13,Facebook,74,-1.0858270129184664
2020-12-13,Twitter,73,-0.8112017557436992
2020-12-20,Instagram,91,0.7095290202089497
2020-12-20,Facebook,77,-0.7621406059028983
2020-12-20,Twitter,79,-0.08500063955401024
2020-12-20,LinkedIn,51,-4.063431201852524
2020-12-20,TikTok,77,-0.15398824309656148
2020-12-20,YouTube,87,-0.9885246874040448
2020-12-27,YouTube,87,-0.9885246874040448
2020-12-27,Twitter,80,0.036032879810937925
2020-12-27,LinkedIn,46,-4.626402167869861
2020-12-27,TikTok,82,0.14530641336708153
2020-12-27,Instagram,98,1.6598914738465302
2020-12-27,Facebook,81,-0.330558729882141
2021-01-03,LinkedIn,81,-0.6856054057485016
2021-01-03,Twitter,100,2.4567032671099014
2021-01-03,YouTube,93,0.4496069813752752
2021-01-03,Instagram,80,-0.7838976926501054
2021-01-03,Facebook,90,0.640500491164563
2021-01-03,TikTok,49,-1.8300383192929623
2021-01-10,TikTok,52,-1.6504615254147765
2021-01-10,Instagram,77,-1.1911958870662114
2021-01-10,Facebook,88,0.42470955315418435
2021-01-10,YouTube,94,0.6892955928384953
2021-01-10,Twitter,87,0.883267515365575
2021-01-10,LinkedIn,86,-0.12263443973116449
2021-01-17,Facebook,85,0.10102314613861633
2021-01-17,YouTube,97,1.4083614272281553
2021-01-17,Twitter,76,-0.4481011976488547
2021-01-17,TikTok,55,-1.4708847315365907
2021-01-17,LinkedIn,92,0.55293071948964
2021-01-17,Instagram,79,-0.9196637574554741
2021-01-24,Twitter,79,-0.08500063955401024
2021-01-24,Instagram,76,-1.32696195187158
2021-01-24,LinkedIn,87,-0.010040246527697078
2021-01-24,YouTube,97,1.4083614272281553
2021-01-24,Facebook,85,0.10102314613861633
2021-01-24,TikTok,58,-1.291307937658405
2021-01-31,TikTok,58,-1.291307937658405
2021-01-31,Twitter,75,-0.5691347170138029
2021-01-31,LinkedIn,98,1.2284958787104445
2021-01-31,Instagram,76,-1.32696195187158
2021-01-31,Facebook,89,0.5326050221593737
2021-01-31,YouTube,95,0.9289842043017152
2021-02-07,YouTube,93,0.4496069813752752
2021-02-07,TikTok,62,-1.0518722124874906
2021-02-07,Instagram,76,-1.32696195187158
2021-02-07,Facebook,81,-0.330558729882141
2021-02-07,Twitter,73,-0.8112017557436992
2021-02-07,LinkedIn,87,-0.010040246527697078
2021-02-14,Facebook,86,0.20891861514380566
2021-02-14,Twitter,72,-0.9322352751086473
2021-02-14,LinkedIn,88,0.10255394667577034
2021-02-14,Instagram,80,-0.7838976926501054
2021-02-14,TikTok,61,-1.111731143780219
2021-02-14,YouTube,94,0.6892955928384953
2021-02-21,Twitter,75,-0.5691347170138029
2021-02-21,TikTok,63,-0.992013281194762
2021-02-21,YouTube,94,0.6892955928384953
2021-02-21,Instagram,76,-1.32696195187158
2021-02-21,Facebook,83,-0.11476779187176234
2021-02-21,LinkedIn,96,1.0033074923035097
2021-02-28,YouTube,93,0.4496069813752752
2021-02-28,Facebook,83,-0.11476779187176234
2021-02-28,Instagram,74,-1.5984940814823174
2021-02-28,TikTok,61,-1.111731143780219
2021-02-28,Twitter,73,-0.8112017557436992
2021-02-28,LinkedIn,92,0.55293071948964
2021-03-07,Facebook,84,-0.006872322866572998
2021-03-07,Twitter,70,-1.1743023138385438
2021-03-07,TikTok,60,-1.1715900750729478
2021-03-07,Instagram,74,-1.5984940814823174
2021-03-07,YouTube,95,0.9289842043017152
2021-03-07,LinkedIn,87,-0.010040246527697078
2021-03-14,LinkedIn,88,0.10255394667577034
2021-03-14,Twitter,71,-1.0532687944735954
2021-03-14,YouTube,95,0.9289842043017152
2021-03-14,Instagram,80,-0.7838976926501054
2021-03-14,Facebook,82,-0.22266326087695168
2021-03-14,TikTok,60,-1.1715900750729478
2021-03-21,LinkedIn,90,0.3277423330827052
2021-03-21,YouTube,100,2.1274272616178154
2021-03-21,TikTok,61,-1.111731143780219
2021-03-21,Facebook,85,0.10102314613861633
2021-03-21,Instagram,78,-1.0554298222608427
2021-03-21,Twitter,69,-1.2953358332034919
2021-03-28,YouTube,95,0.9289842043017152
2021-03-28,LinkedIn,88,0.10255394667577034
2021-03-28,Instagram,83,-0.3765994982339995
2021-03-28,Twitter,74,-0.690168236378751
2021-03-28,Facebook,82,-0.22266326087695168
2021-03-28,TikTok,61,-1.111731143780219
2021-04-04,TikTok,66,-0.8124364873165761
2021-04-04,LinkedIn,93,0.6655249126931074
2021-04-04,Facebook,87,0.316814084148995
2021-04-04,YouTube,93,0.4496069813752752
2021-04-04,Twitter,72,-0.9322352751086473
2021-04-04,Instagram,78,-1.0554298222608427
2021-04-11,TikTok,64,-0.9321543499020334
2021-04-11,LinkedIn,100,1.4536842651173794
2021-04-11,Instagram,78,-1.0554298222608427
2021-04-11,Facebook,83,-0.11476779187176234
2021-04-11,YouTube,89,-0.5091474644776047
2021-04-11,Twitter,72,-0.9322352751086473
2021-04-18,YouTube,95,0.9289842043017152
2021-04-18,Facebook,80,-0.43845419888733034
2021-04-18,Twitter,70,-1.1743023138385438
2021-04-18,LinkedIn,91,0.4403365262861726
2021-04-18,TikTok,65,-0.8722954186093047
2021-04-18,Instagram,81,-0.6481316278447369
2021-04-25,Twitter,70,-1.1743023138385438
2021-04-25,YouTube,94,0.6892955928384953
2021-04-25,LinkedIn,91,0.4403365262861726
2021-04-25,Instagram,78,-1.0554298222608427
2021-04-25,TikTok,64,-0.9321543499020334
2021-04-25,Facebook,83,-0.11476779187176234
2021-05-02,YouTube,91,-0.029770241551164766
2021-05-02,Instagram,81,-0.6481316278447369
2021-05-02,Twitter,75,-0.5691347170138029
2021-05-02,TikTok,72,-0.4532828995602045
2021-05-02,Facebook,80,-0.43845419888733034
2021-05-02,LinkedIn,88,0.10255394667577034
2021-05-09,Instagram,80,-0.7838976926501054
2021-05-09,LinkedIn,94,0.7781191058965748
2021-05-09,TikTok,77,-0.15398824309656148
2021-05-09,Facebook,80,-0.43845419888733034
2021-05-09,Twitter,75,-0.5691347170138029
2021-05-09,YouTube,91,-0.029770241551164766
2021-05-16,Twitter,75,-0.5691347170138029
2021-05-16,YouTube,94,0.6892955928384953
2021-05-16,Facebook,81,-0.330558729882141
2021-05-16,LinkedIn,99,1.3410900719139118
2021-05-16,TikTok,76,-0.2138471743892901
2021-05-16,Instagram,79,-0.9196637574554741
2021-05-23,TikTok,80,0.025588550781624326
2021-05-23,YouTube,94,0.6892955928384953
2021-05-23,Facebook,80,-0.43845419888733034
2021-05-23,Instagram,82,-0.5123655630393682
2021-05-23,Twitter,74,-0.690168236378751
2021-05-23,LinkedIn,93,0.6655249126931074
2021-05-30,Twitter,72,-0.9322352751086473
2021-05-30,YouTube,88,-0.7488360759408248
2021-05-30,LinkedIn,91,0.4403365262861726
2021-05-30,TikTok,79,-0.03427038051110428
2021-05-30,Instagram,79,-0.9196637574554741
2021-05-30,Facebook,82,-0.22266326087695168
2021-06-06,YouTube,91,-0.029770241551164766
2021-06-06,TikTok,86,0.38474213853799594
2021-06-06,LinkedIn,96,1.0033074923035097
2021-06-06,Twitter,74,-0.690168236378751
2021-06-06,Instagram,77,-1.1911958870662114
2021-06-06,Facebook,82,-0.22266326087695168
2021-06-13,TikTok,85,0.32488320724526737
2021-06-13,Instagram,79,-0.9196637574554741
2021-06-13,YouTube,90,-0.26945885301438477
2021-06-13,Facebook,81,-0.330558729882141
2021-06-13,Twitter,73,-0.8112017557436992
2021-06-13,LinkedIn,95,0.8907132991000423
2021-06-20,YouTube,88,-0.7488360759408248
2021-06-20,TikTok,84,0.26502427595253875
2021-06-20,Facebook,83,-0.11476779187176234
2021-06-20,Instagram,79,-0.9196637574554741
2021-06-20,Twitter,74,-0.690168236378751
2021-06-20,LinkedIn,90,0.3277423330827052
2021-06-27,Twitter,73,-0.8112017557436992
2021-06-27,TikTok,83,0.20516534465981012
2021-06-27,Facebook,82,-0.22266326087695168
2021-06-27,LinkedIn,88,0.10255394667577034
2021-06-27,Instagram,77,-1.1911958870662114
2021-06-27,YouTube,92,0.20991836991205523
2021-07-04,LinkedIn,91,0.4403365262861726
2021-07-04,Twitter,72,-0.9322352751086473
2021-07-04,Facebook,78,-0.654245136897709
2021-07-04,YouTube,87,-0.9885246874040448
2021-07-04,Instagram,78,-1.0554298222608427
2021-07-04,TikTok,87,0.44460106983072456
2021-07-11,TikTok,86,0.38474213853799594
2021-07-11,YouTube,90,-0.26945885301438477
2021-07-11,Twitter,72,-0.9322352751086473
2021-07-11,LinkedIn,91,0.4403365262861726
2021-07-11,Facebook,83,-0.11476779187176234
2021-07-11,Instagram,79,-0.9196637574554741
2021-07-18,Twitter,76,-0.4481011976488547
2021-07-18,Instagram,81,-0.6481316278447369
2021-07-18,Facebook,82,-0.22266326087695168
2021-07-18,TikTok,86,0.38474213853799594
2021-07-18,YouTube,85,-1.4679019103304847
2021-07-18,LinkedIn,88,0.10255394667577034
2021-07-25,Twitter,73,-0.8112017557436992
2021-07-25,TikTok,85,0.32488320724526737
2021-07-25,Instagram,80,-0.7838976926501054
2021-07-25,YouTube,84,-1.7075905217937049
2021-07-25,LinkedIn,85,-0.2352286329346319
2021-07-25,Facebook,82,-0.22266326087695168
2021-08-01,Facebook,79,-0.5463496678925197
2021-08-01,Twitter,77,-0.32706767828390654
2021-08-01,TikTok,86,0.38474213853799594
2021-08-01,YouTube,84,-1.7075905217937049
2021-08-01,LinkedIn,81,-0.6856054057485016
2021-08-01,Instagram,78,-1.0554298222608427
2021-08-08,Facebook,76,-0.8700360749080877
2021-08-08,LinkedIn,79,-0.9107937921554363
2021-08-08,Instagram,79,-0.9196637574554741
2021-08-08,Twitter,76,-0.4481011976488547
2021-08-08,TikTok,84,0.26502427595253875
2021-08-08,YouTube,84,-1.7075905217937049
2021-08-15,YouTube,83,-1.9472791332569248
2021-08-15,Facebook,75,-0.977931543913277
2021-08-15,TikTok,78,-0.09412931180383288
2021-08-15,Instagram,77,-1.1911958870662114
2021-08-15,Twitter,73,-0.8112017557436992
2021-08-15,LinkedIn,79,-0.9107937921554363
2021-08-22,Instagram,78,-1.0554298222608427
2021-08-22,LinkedIn,86,-0.12263443973116449
2021-08-22,Facebook,78,-0.654245136897709
2021-08-22,TikTok,83,0.20516534465981012
2021-08-22,Twitter,70,-1.1743023138385438
2021-08-22,YouTube,83,-1.9472791332569248
2021-08-29,Instagram,79,-0.9196637574554741
2021-08-29,LinkedIn,87,-0.010040246527697078
2021-08-29,Facebook,75,-0.977931543913277
2021-08-29,TikTok,83,0.20516534465981012
2021-08-29,Twitter,75,-0.5691347170138029
2021-08-29,YouTube,90,-0.26945885301438477
2021-09-05,Twitter,72,-0.9322352751086473
2021-09-05,LinkedIn,90,0.3277423330827052
2021-09-05,Facebook,79,-0.5463496678925197
2021-09-05,YouTube,89,-0.5091474644776047
2021-09-05,TikTok,82,0.14530641336708153
2021-09-05,Instagram,78,-1.0554298222608427
2021-09-12,YouTube,87,-0.9885246874040448
2021-09-12,Facebook,74,-1.0858270129184664
2021-09-12,Instagram,76,-1.32696195187158
2021-09-12,LinkedIn,92,0.55293071948964
2021-09-12,TikTok,84,0.26502427595253875
2021-09-12,Twitter,72,-0.9322352751086473
2021-09-19,YouTube,87,-0.9885246874040448
2021-09-19,Twitter,69,-1.2953358332034919
2021-09-19,Facebook,80,-0.43845419888733034
2021-09-19,Instagram,76,-1.32696195187158
2021-09-19,TikTok,79,-0.03427038051110428
2021-09-19,LinkedIn,93,0.6655249126931074
2021-09-26,TikTok,79,-0.03427038051110428
2021-09-26,LinkedIn,92,0.55293071948964
2021-09-26,Twitter,70,-1.1743023138385438
2021-09-26,YouTube,86,-1.2282132988672647
2021-09-26,Instagram,73,-1.734260146287686
2021-09-26,Facebook,74,-1.0858270129184664
2021-10-03,Facebook,100,1.7194551812164565
2021-10-03,Twitter,72,-0.9322352751086473
2021-10-03,TikTok,84,0.26502427595253875
2021-10-03,YouTube,89,-0.5091474644776047
2021-10-03,Instagram,100,1.9314236034572676
2021-10-03,LinkedIn,95,0.8907132991000423
2021-10-10,Twitter,69,-1.2953358332034919
2021-10-10,Facebook,75,-0.977931543913277
2021-10-10,LinkedIn,90,0.3277423330827052
2021-10-10,YouTube,90,-0.26945885301438477
2021-10-10,Instagram,81,-0.6481316278447369
2021-10-10,TikTok,79,-0.03427038051110428
2021-10-17,LinkedIn,93,0.6655249126931074
2021-10-17,YouTube,85,-1.4679019103304847
2021-10-17,Instagram,75,-1.4627280166769487
2021-10-17,Facebook,75,-0.977931543913277
2021-10-17,TikTok,80,0.025588550781624326
2021-10-17,Twitter,70,-1.1743023138385438
2021-10-24,TikTok,84,0.26502427595253875
2021-10-24,LinkedIn,87,-0.010040246527697078
2021-10-24,YouTube,84,-1.7075905217937049
2021-10-24,Twitter,73,-0.8112017557436992
2021-10-24,Instagram,74,-1.5984940814823174
2021-10-24,Facebook,70,-1.5174088889392237
2021-10-31,LinkedIn,89,0.21514813987923775
2021-10-31,YouTube,89,-0.5091474644776047
2021-10-31,Facebook,77,-0.7621406059028983
2021-10-31,TikTok,81,0.08544748207435293
2021-10-31,Twitter,74,-0.690168236378751
2021-10-31,Instagram,77,-1.1911958870662114
2021-11-07,YouTube,82,-2.1869677447201448
2021-11-07,Instagram,75,-1.4627280166769487
2021-11-07,Twitter,73,-0.8112017557436992
2021-11-07,Facebook,72,-1.301617950928845
2021-11-07,TikTok,79,-0.03427038051110428
2021-11-07,LinkedIn,90,0.3277423330827052
2021-11-14,Twitter,73,-0.8112017557436992
2021-11-14,Facebook,73,-1.1937224819236556
2021-11-14,LinkedIn,92,0.55293071948964
2021-11-14,Instagram,76,-1.32696195187158
2021-11-14,YouTube,88,-0.7488360759408248
2021-11-14,TikTok,85,0.32488320724526737
2021-11-21,Instagram,75,-1.4627280166769487
2021-11-21,Twitter,71,-1.0532687944735954
2021-11-21,YouTube,87,-0.9885246874040448
2021-11-21,Facebook,68,-1.7331998269496023
2021-11-21,LinkedIn,85,-0.2352286329346319
2021-11-21,TikTok,86,0.38474213853799594
2021-11-28,LinkedIn,90,0.3277423330827052
2021-11-28,YouTube,92,0.20991836991205523
2021-11-28,Facebook,71,-1.4095134199340345
2021-11-28,Instagram,72,-1.8700262110930548
2021-11-28,TikTok,82,0.14530641336708153
2021-11-28,Twitter,73,-0.8112017557436992
2021-12-05,LinkedIn,86,-0.12263443973116449
2021-12-05,YouTube,91,-0.029770241551164766
2021-12-05,Facebook,73,-1.1937224819236556
2021-12-05,Instagram,74,-1.5984940814823174
2021-12-05,Twitter,73,-0.8112017557436992
2021-12-05,TikTok,82,0.14530641336708153
2021-12-12,LinkedIn,94,0.7781191058965748
2021-12-12,Facebook,74,-1.0858270129184664
2021-12-12,Instagram,76,-1.32696195187158
2021-12-12,YouTube,92,0.20991836991205523
2021-12-12,TikTok,91,0.6840367950016389
2021-12-12,Twitter,72,-0.9322352751086473
2021-12-19,LinkedIn,81,-0.6856054057485016
2021-12-19,Instagram,77,-1.1911958870662114
2021-12-19,TikTok,98,1.1030493140507391
2021-12-19,YouTube,97,1.4083614272281553
2021-12-19,Facebook,73,-1.1937224819236556
2021-12-19,Twitter,73,-0.8112017557436992
2021-12-26,Facebook,72,-1.301617950928845
2021-12-26,LinkedIn,68,-2.149329917393578
2021-12-26,Instagram,80,-0.7838976926501054
2021-12-26,TikTok,100,1.2227671766361965
2021-12-26,Twitter,74,-0.690168236378751
2021-12-26,YouTube,91,-0.029770241551164766
2022-01-02,LinkedIn,81,-0.6856054057485016
2022-01-02,Twitter,74,-0.690168236378751
2022-01-02,TikTok,86,0.38474213853799594
2022-01-02,Facebook,99,1.611559712211267
2022-01-02,YouTube,96,1.1686728157649353
2022-01-02,Instagram,81,-0.6481316278447369
2022-01-09,YouTube,94,0.6892955928384953
2022-01-09,Twitter,71,-1.0532687944735954
2022-01-09,Instagram,79,-0.9196637574554741
2022-01-09,LinkedIn,89,0.21514813987923775
2022-01-09,Facebook,92,0.8562914291749417
2022-01-09,TikTok,81,0.08544748207435293
2022-01-16,Instagram,74,-1.5984940814823174
2022-01-16,Twitter,71,-1.0532687944735954
2022-01-16,YouTube,91,-0.029770241551164766
2022-01-16,Facebook,91,0.7483959601697523
2022-01-16,TikTok,75,-0.2737061056820187
2022-01-16,LinkedIn,81,-0.6856054057485016
2022-01-23,Facebook,86,0.20891861514380566
2022-01-23,TikTok,74,-0.3335650369747473
2022-01-23,LinkedIn,85,-0.2352286329346319
2022-01-23,Twitter,76,-0.4481011976488547
2022-01-23,YouTube,90,-0.26945885301438477
2022-01-23,Instagram,78,-1.0554298222608427
2022-01-30,LinkedIn,92,0.55293071948964
2022-01-30,Twitter,74,-0.690168236378751
2022-01-30,YouTube,100,2.1274272616178154
2022-01-30,Instagram,80,-0.7838976926501054
2022-01-30,TikTok,82,0.14530641336708153
2022-01-30,Facebook,98,1.5036642432060776
2022-02-06,LinkedIn,92,0.55293071948964
2022-02-06,Instagram,79,-0.9196637574554741
2022-02-06,Facebook,93,0.964186898180131
2022-02-06,TikTok,87,0.44460106983072456
2022-02-06,YouTube,95,0.9289842043017152
2022-02-06,Twitter,74,-0.690168236378751
2022-02-13,LinkedIn,91,0.4403365262861726
2022-02-13,Instagram,78,-1.0554298222608427
2022-02-13,YouTube,92,0.20991836991205523
2022-02-13,TikTok,76,-0.2138471743892901
2022-02-13,Facebook,89,0.5326050221593737
2022-02-13,Twitter,73,-0.8112017557436992
2022-02-20,YouTube,91,-0.029770241551164766
2022-02-20,TikTok,78,-0.09412931180383288
2022-02-20,LinkedIn,87,-0.010040246527697078
2022-02-20,Twitter,80,0.036032879810937925
2022-02-20,Instagram,80,-0.7838976926501054
2022-02-20,Facebook,90,0.640500491164563
2022-02-27,Instagram,82,-0.5123655630393682
2022-02-27,LinkedIn,87,-0.010040246527697078
2022-02-27,Facebook,92,0.8562914291749417
2022-02-27,Twitter,79,-0.08500063955401024
2022-02-27,TikTok,86,0.38474213853799594
2022-02-27,YouTube,92,0.20991836991205523
2022-03-06,YouTube,90,-0.26945885301438477
2022-03-06,Twitter,70,-1.1743023138385438
2022-03-06,LinkedIn,88,0.10255394667577034
2022-03-06,Instagram,78,-1.0554298222608427
2022-03-06,Facebook,88,0.42470955315418435
2022-03-06,TikTok,81,0.08544748207435293
2022-03-13,LinkedIn,90,0.3277423330827052
2022-03-13,TikTok,83,0.20516534465981012
2022-03-13,Facebook,89,0.5326050221593737
2022-03-13,YouTube,92,0.20991836991205523
2022-03-13,Twitter,71,-1.0532687944735954
2022-03-13,Instagram,76,-1.32696195187158
2022-03-20,Facebook,93,0.964186898180131
2022-03-20,TikTok,81,0.08544748207435293
2022-03-20,Instagram,81,-0.6481316278447369
2022-03-20,Twitter,69,-1.2953358332034919
2022-03-20,LinkedIn,91,0.4403365262861726
2022-03-20,YouTube,91,-0.029770241551164766
2022-03-27,YouTube,97,1.4083614272281553
2022-03-27,Instagram,87,0.16646476098747506
2022-03-27,LinkedIn,94,0.7781191058965748
2022-03-27,Facebook,89,0.5326050221593737
2022-03-27,Twitter,81,0.15706639917588608
2022-03-27,TikTok,82,0.14530641336708153
2022-04-03,TikTok,81,0.08544748207435293
2022-04-03,LinkedIn,97,1.115901685506977
2022-04-03,YouTube,92,0.20991836991205523
2022-04-03,Facebook,89,0.5326050221593737
2022-04-03,Twitter,74,-0.690168236378751
2022-04-03,Instagram,84,-0.2408334334286309
2022-04-10,YouTube,94,0.6892955928384953
2022-04-10,LinkedIn,87,-0.010040246527697078
2022-04-10,Twitter,83,0.39913343790578243
2022-04-10,Facebook,91,0.7483959601697523
2022-04-10,TikTok,91,0.6840367950016389
2022-04-10,Instagram,91,0.7095290202089497
2022-04-17,Facebook,83,-0.11476779187176234
2022-04-17,YouTube,94,0.6892955928384953
2022-04-17,LinkedIn,91,0.4403365262861726
2022-04-17,TikTok,86,0.38474213853799594
2022-04-17,Twitter,78,-0.2060341589189584
2022-04-17,Instagram,91,0.7095290202089497
2022-04-24,YouTube,91,-0.029770241551164766
2022-04-24,TikTok,88,0.5044600011234531
2022-04-24,Facebook,88,0.42470955315418435
2022-04-24,Twitter,100,2.4567032671099014
2022-04-24,LinkedIn,90,0.3277423330827052
2022-04-24,Instagram,89,0.43799689059821234
2022-05-01,LinkedIn,89,0.21514813987923775
2022-05-01,Facebook,87,0.316814084148995
2022-05-01,Twitter,77,-0.32706767828390654
2022-05-01,TikTok,84,0.26502427595253875
2022-05-01,Instagram,90,0.573762955403581
2022-05-01,YouTube,90,-0.26945885301438477
2022-05-08,YouTube,94,0.6892955928384953
2022-05-08,LinkedIn,98,1.2284958787104445
2022-05-08,Facebook,90,0.640500491164563
2022-05-08,TikTok,80,0.025588550781624326
2022-05-08,Twitter,82,0.27809991854083427
2022-05-08,Instagram,90,0.573762955403581
2022-05-15,YouTube,92,0.20991836991205523
2022-05-15,Instagram,93,0.981061149819687
2022-05-15,LinkedIn,92,0.55293071948964
2022-05-15,Twitter,77,-0.32706767828390654
2022-05-15,TikTok,87,0.44460106983072456
2022-05-15,Facebook,89,0.5326050221593737
2022-05-22,Twitter,74,-0.690168236378751
2022-05-22,Instagram,100,1.9314236034572676
2022-05-22,LinkedIn,96,1.0033074923035097
2022-05-22,YouTube,93,0.4496069813752752
2022-05-22,TikTok,87,0.44460106983072456
2022-05-22,Facebook,92,0.8562914291749417
2022-05-29,Facebook,90,0.640500491164563
2022-05-29,TikTok,87,0.44460106983072456
2022-05-29,Instagram,91,0.7095290202089497
2022-05-29,Twitter,75,-0.5691347170138029
2022-05-29,YouTube,95,0.9289842043017152
2022-05-29,LinkedIn,86,-0.12263443973116449
2022-06-05,Facebook,89,0.5326050221593737
2022-06-05,Twitter,72,-0.9322352751086473
2022-06-05,YouTube,92,0.20991836991205523
2022-06-05,TikTok,92,0.7438957262943676
2022-06-05,Instagram,89,0.43799689059821234
2022-06-05,LinkedIn,95,0.8907132991000423
2022-06-12,LinkedIn,99,1.3410900719139118
2022-06-12,TikTok,89,0.5643189324161818
2022-06-12,Twitter,74,-0.690168236378751
2022-06-12,YouTube,98,1.6480500386913752
2022-06-12,Instagram,91,0.7095290202089497
2022-06-12,Facebook,93,0.964186898180131
2022-06-19,LinkedIn,94,0.7781191058965748
2022-06-19,Twitter,78,-0.2060341589189584
2022-06-19,YouTube,95,0.9289842043017152
2022-06-19,Facebook,94,1.0720823671853204
2022-06-19,TikTok,98,1.1030493140507391
2022-06-19,Instagram,94,1.1168272146250555
2022-06-26,Twitter,78,-0.2060341589189584
2022-06-26,TikTok,93,0.8037546575870962
2022-06-26,LinkedIn,90,0.3277423330827052
2022-06-26,Instagram,97,1.5241254090411616
2022-06-26,Facebook,89,0.5326050221593737
2022-06-26,YouTube,91,-0.029770241551164766
2022-07-03,Instagram,95,1.2525932794304242
2022-07-03,Twitter,82,0.27809991854083427
2022-07-03,TikTok,93,0.8037546575870962
2022-07-03,LinkedIn,95,0.8907132991000423
2022-07-03,Facebook,92,0.8562914291749417
2022-07-03,YouTube,92,0.20991836991205523
2022-07-10,Instagram,95,1.2525932794304242
2022-07-10,Twitter,79,-0.08500063955401024
2022-07-10,YouTube,91,-0.029770241551164766
2022-07-10,LinkedIn,99,1.3410900719139118
2022-07-10,Facebook,94,1.0720823671853204
2022-07-10,TikTok,95,0.9234725201725533
2022-07-17,Instagram,93,0.981061149819687
2022-07-17,YouTube,89,-0.5091474644776047
2022-07-17,Facebook,91,0.7483959601697523
2022-07-17,TikTok,93,0.8037546575870962
2022-07-17,Twitter,73,-0.8112017557436992
2022-07-17,LinkedIn,98,1.2284958787104445
2022-07-24,Facebook,88,0.42470955315418435
2022-07-24,YouTube,92,0.20991836991205523
2022-07-24,Instagram,98,1.6598914738465302
2022-07-24,TikTok,92,0.7438957262943676
2022-07-24,Twitter,74,-0.690168236378751
2022-07-24,LinkedIn,90,0.3277423330827052
2022-07-31,LinkedIn,92,0.55293071948964
2022-07-31,Instagram,92,0.8452950850143183
2022-07-31,Facebook,89,0.5326050221593737
2022-07-31,TikTok,88,0.5044600011234531
2022-07-31,YouTube,90,-0.26945885301438477
2022-07-31,Twitter,73,-0.8112017557436992
2022-08-07,Facebook,91,0.7483959601697523
2022-08-07,Instagram,93,0.981061149819687
2022-08-07,Twitter,77,-0.32706767828390654
2022-08-07,LinkedIn,93,0.6655249126931074
2022-08-07,TikTok,90,0.6241778637089104
2022-08-07,YouTube,91,-0.029770241551164766
2022-08-14,LinkedIn,92,0.55293071948964
2022-08-14,Instagram,92,0.8452950850143183
2022-08-14,Facebook,91,0.7483959601697523
2022-08-14,Twitter,77,-0.32706767828390654
2022-08-14,TikTok,92,0.7438957262943676
2022-08-14,YouTube,88,-0.7488360759408248
2022-08-21,Facebook,89,0.5326050221593737
2022-08-21,TikTok,86,0.38474213853799594
2022-08-21,LinkedIn,100,1.4536842651173794
2022-08-21,Twitter,77,-0.32706767828390654
2022-08-21,Instagram,91,0.7095290202089497
2022-08-21,YouTube,91,-0.029770241551164766
2022-08-28,Twitter,77,-0.32706767828390654
2022-08-28,YouTube,90,-0.26945885301438477
2022-08-28,LinkedIn,92,0.55293071948964
2022-08-28,TikTok,89,0.5643189324161818
2022-08-28,Instagram,87,0.16646476098747506
2022-08-28,Facebook,88,0.42470955315418435
2022-09-04,TikTok,93,0.8037546575870962
2022-09-04,Twitter,76,-0.4481011976488547
2022-09-04,Instagram,87,0.16646476098747506
2022-09-04,Facebook,85,0.10102314613861633
2022-09-04,YouTube,88,-0.7488360759408248
2022-09-04,LinkedIn,93,0.6655249126931074
2022-09-11,YouTube,90,-0.26945885301438477
2022-09-11,Twitter,73,-0.8112017557436992
2022-09-11,Instagram,86,0.03069869618210641
2022-09-11,TikTok,88,0.5044600011234531
2022-09-11,Facebook,87,0.316814084148995
2022-09-11,LinkedIn,90,0.3277423330827052
2022-09-18,Facebook,87,0.316814084148995
2022-09-18,TikTok,87,0.44460106983072456
2022-09-18,YouTube,94,0.6892955928384953
2022-09-18,Instagram,89,0.43799689059821234
2022-09-18,Twitter,75,-0.5691347170138029
2022-09-18,LinkedIn,97,1.115901685506977
2022-09-25,Instagram,90,0.573762955403581
2022-09-25,YouTube,89,-0.5091474644776047
2022-09-25,Facebook,84,-0.006872322866572998
2022-09-25,Twitter,73,-0.8112017557436992
2022-09-25,TikTok,94,0.8636135888798248
2022-09-25,LinkedIn,96,1.0033074923035097
2022-10-02,TikTok,98,1.1030493140507391
2022-10-02,Facebook,88,0.42470955315418435
2022-10-02,YouTube,89,-0.5091474644776047
2022-10-02,Twitter,76,-0.4481011976488547
2022-10-02,Instagram,99,1.795657538651899
2022-10-02,LinkedIn,91,0.4403365262861726
2022-10-09,Twitter,75,-0.5691347170138029
2022-10-09,LinkedIn,91,0.4403365262861726
2022-10-09,YouTube,93,0.4496069813752752
2022-10-09,TikTok,85,0.32488320724526737
2022-10-09,Facebook,87,0.316814084148995
2022-10-09,Instagram,82,-0.5123655630393682
2022-10-16,Instagram,83,-0.3765994982339995
2022-10-16,Facebook,84,-0.006872322866572998
2022-10-16,LinkedIn,95,0.8907132991000423
2022-10-16,Twitter,79,-0.08500063955401024
2022-10-16,YouTube,93,0.4496069813752752
2022-10-16,TikTok,83,0.20516534465981012
2022-10-23,Twitter,85,0.6412004766356787
2022-10-23,Facebook,88,0.42470955315418435
2022-10-23,YouTube,90,-0.26945885301438477
2022-10-23,LinkedIn,92,0.55293071948964
2022-10-23,Instagram,91,0.7095290202089497
2022-10-23,TikTok,89,0.5643189324161818
2022-10-30,LinkedIn,93,0.6655249126931074
2022-10-30,YouTube,90,-0.26945885301438477
2022-10-30,Instagram,93,0.981061149819687
2022-10-30,Twitter,87,0.883267515365575
2022-10-30,Facebook,88,0.42470955315418435
2022-10-30,TikTok,87,0.44460106983072456
2022-11-06,Facebook,84,-0.006872322866572998
2022-11-06,LinkedIn,91,0.4403365262861726
2022-11-06,YouTube,87,-0.9885246874040448
2022-11-06,Twitter,80,0.036032879810937925
2022-11-06,Instagram,84,-0.2408334334286309
2022-11-06,TikTok,85,0.32488320724526737
2022-11-13,YouTube,96,1.1686728157649353
2022-11-13,LinkedIn,93,0.6655249126931074
2022-11-13,Twitter,83,0.39913343790578243
2022-11-13,Facebook,84,-0.006872322866572998
2022-11-13,Instagram,92,0.8452950850143183
2022-11-13,TikTok,89,0.5643189324161818
2022-11-20,LinkedIn,81,-0.6856054057485016
2022-11-20,Instagram,83,-0.3765994982339995
2022-11-20,Facebook,80,-0.43845419888733034
2022-11-20,TikTok,84,0.26502427595253875
2022-11-20,Twitter,73,-0.8112017557436992
2022-11-20,YouTube,86,-1.2282132988672647
2022-11-27,Facebook,79,-0.5463496678925197
2022-11-27,Twitter,71,-1.0532687944735954
2022-11-27,LinkedIn,85,-0.2352286329346319
2022-11-27,YouTube,87,-0.9885246874040448
2022-11-27,Instagram,84,-0.2408334334286309
2022-11-27,TikTok,83,0.20516534465981012
2022-12-04,Instagram,86,0.03069869618210641
2022-12-04,Facebook,80,-0.43845419888733034
2022-12-04,Twitter,73,-0.8112017557436992
2022-12-04,TikTok,87,0.44460106983072456
2022-12-04,YouTube,87,-0.9885246874040448
2022-12-04,LinkedIn,85,-0.2352286329346319
2022-12-11,LinkedIn,90,0.3277423330827052
2022-12-11,Instagram,92,0.8452950850143183
2022-12-11,Facebook,81,-0.330558729882141
2022-12-11,TikTok,93,0.8037546575870962
2022-12-11,Twitter,75,-0.5691347170138029
2022-12-11,YouTube,92,0.20991836991205523
2022-12-18,LinkedIn,79,-0.9107937921554363
2022-12-18,Facebook,82,-0.22266326087695168
2022-12-18,TikTok,96,0.983331451465282
2022-12-18,Twitter,76,-0.4481011976488547
2022-12-18,Instagram,93,0.981061149819687
2022-12-18,YouTube,91,-0.029770241551164766
2022-12-25,Twitter,75,-0.5691347170138029
2022-12-25,TikTok,100,1.2227671766361965
2022-12-25,LinkedIn,65,-2.48711249700398
2022-12-25,Instagram,100,1.9314236034572676
2022-12-25,YouTube,99,1.8877386501545952
2022-12-25,Facebook,86,0.20891861514380566
2023-01-01,YouTube,91,-0.029770241551164766
2023-01-01,Twitter,93,1.609468631555264
2023-01-01,TikTok,84,0.26502427595253875
2023-01-01,LinkedIn,87,-0.010040246527697078
2023-01-01,Instagram,92,0.8452950850143183
2023-01-01,Facebook,96,1.287873305195699
2023-01-08,Facebook,91,0.7483959601697523
2023-01-08,Twitter,93,1.609468631555264
2023-01-08,TikTok,79,-0.03427038051110428
2023-01-08,YouTube,98,1.6480500386913752
2023-01-08,LinkedIn,99,1.3410900719139118
2023-01-08,Instagram,89,0.43799689059821234
2023-01-15,YouTube,91,-0.029770241551164766
2023-01-15,LinkedIn,95,0.8907132991000423
2023-01-15,Twitter,94,1.730502150920212
2023-01-15,Instagram,88,0.3022308257928437
2023-01-15,TikTok,83,0.20516534465981012
2023-01-15,Facebook,94,1.0720823671853204
2023-01-22,LinkedIn,100,1.4536842651173794
2023-01-22,TikTok,87,0.44460106983072456
2023-01-22,Twitter,93,1.609468631555264
2023-01-22,Facebook,99,1.611559712211267
2023-01-22,YouTube,95,0.9289842043017152
2023-01-22,Instagram,92,0.8452950850143183
2023-01-29,Instagram,88,0.3022308257928437
2023-01-29,TikTok,82,0.14530641336708153
2023-01-29,Twitter,94,1.730502150920212
2023-01-29,Facebook,93,0.964186898180131
2023-01-29,LinkedIn,97,1.115901685506977
2023-01-29,YouTube,99,1.8877386501545952
2023-02-05,LinkedIn,99,1.3410900719139118
2023-02-05,Instagram,89,0.43799689059821234
2023-02-05,TikTok,84,0.26502427595253875
2023-02-05,Facebook,91,0.7483959601697523
2023-02-05,YouTube,97,1.4083614272281553
2023-02-05,Twitter,94,1.730502150920212
2023-02-12,TikTok,78,-0.09412931180383288
2023-02-12,Facebook,98,1.5036642432060776
2023-02-12,YouTube,99,1.8877386501545952
2023-02-12,Instagram,92,0.8452950850143183
2023-02-12,LinkedIn,94,0.7781191058965748
2023-02-12,Twitter,91,1.3674015928253678
2023-02-19,TikTok,84,0.26502427595253875
2023-02-19,YouTube,93,0.4496069813752752
2023-02-19,Instagram,93,0.981061149819687
2023-02-19,LinkedIn,99,1.3410900719139118
2023-02-19,Facebook,97,1.3957687742008884
2023-02-19,Twitter,90,1.2463680734604194
2023-02-26,Twitter,89,1.1253345540954713
2023-02-26,LinkedIn,98,1.2284958787104445
2023-02-26,TikTok,84,0.26502427595253875
2023-02-26,YouTube,90,-0.26945885301438477
2023-02-26,Facebook,97,1.3957687742008884
2023-02-26,Instagram,88,0.3022308257928437
2023-03-05,TikTok,84,0.26502427595253875
2023-03-05,Instagram,94,1.1168272146250555
2023-03-05,YouTube,100,2.1274272616178154
2023-03-05,Twitter,89,1.1253345540954713
2023-03-05,Facebook,93,0.964186898180131
2023-03-05,LinkedIn,97,1.115901685506977
2023-03-12,Facebook,93,0.964186898180131
2023-03-12,Instagram,88,0.3022308257928437
2023-03-12,LinkedIn,94,0.7781191058965748
2023-03-12,TikTok,81,0.08544748207435293
2023-03-12,Twitter,90,1.2463680734604194
2023-03-12,YouTube,90,-0.26945885301438477
2023-03-19,LinkedIn,96,1.0033074923035097
2023-03-19,Twitter,87,0.883267515365575
2023-03-19,Instagram,91,0.7095290202089497
2023-03-19,Facebook,95,1.1799778361905098
2023-03-19,TikTok,90,0.6241778637089104
2023-03-19,YouTube,97,1.4083614272281553
2023-03-26,YouTube,91,-0.029770241551164766
2023-03-26,Twitter,89,1.1253345540954713
2023-03-26,TikTok,88,0.5044600011234531
2023-03-26,LinkedIn,96,1.0033074923035097
2023-03-26,Facebook,93,0.964186898180131
2023-03-26,Instagram,91,0.7095290202089497
2023-04-02,Instagram,90,0.573762955403581
2023-04-02,YouTube,86,-1.2282132988672647
2023-04-02,LinkedIn,87,-0.010040246527697078
2023-04-02,Facebook,93,0.964186898180131
2023-04-02,Twitter,91,1.3674015928253678
2023-04-02,TikTok,90,0.6241778637089104
2023-04-09,Instagram,95,1.2525932794304242
2023-04-09,LinkedIn,88,0.10255394667577034
2023-04-09,Twitter,88,1.0043010347305232
2023-04-09,Facebook,95,1.1799778361905098
2023-04-09,TikTok,92,0.7438957262943676
2023-04-09,YouTube,90,-0.26945885301438477
2023-04-16,Twitter,89,1.1253345540954713
2023-04-16,TikTok,88,0.5044600011234531
2023-04-16,LinkedIn,91,0.4403365262861726
2023-04-16,Instagram,94,1.1168272146250555
2023-04-16,Facebook,94,1.0720823671853204
2023-04-16,YouTube,91,-0.029770241551164766
2023-04-23,LinkedIn,89,0.21514813987923775
2023-04-23,Twitter,85,0.6412004766356787
2023-04-23,Instagram,93,0.981061149819687
2023-04-23,Facebook,93,0.964186898180131
2023-04-23,YouTube,88,-0.7488360759408248
2023-04-23,TikTok,90,0.6241778637089104
2023-04-30,Facebook,97,1.3957687742008884
2023-04-30,Instagram,93,0.981061149819687
2023-04-30,Twitter,92,1.4884351121903159
2023-04-30,TikTok,87,0.44460106983072456
2023-04-30,LinkedIn,87,-0.010040246527697078
2023-04-30,YouTube,87,-0.9885246874040448
2023-05-07,TikTok,86,0.38474213853799594
2023-05-07,LinkedIn,90,0.3277423330827052
2023-05-07,YouTube,92,0.20991836991205523
2023-05-07,Twitter,87,0.883267515365575
2023-05-07,Facebook,92,0.8562914291749417
2023-05-07,Instagram,97,1.5241254090411616
2023-05-14,Instagram,92,0.8452950850143183
2023-05-14,Twitter,87,0.883267515365575
2023-05-14,YouTube,93,0.4496069813752752
2023-05-14,Facebook,91,0.7483959601697523
2023-05-14,TikTok,88,0.5044600011234531
2023-05-14,LinkedIn,89,0.21514813987923775
2023-05-21,Twitter,89,1.1253345540954713
2023-05-21,Instagram,98,1.6598914738465302
2023-05-21,Facebook,93,0.964186898180131
2023-05-21,YouTube,93,0.4496069813752752
2023-05-21,LinkedIn,87,-0.010040246527697078
2023-05-21,TikTok,90,0.6241778637089104
2023-05-28,LinkedIn,86,-0.12263443973116449
2023-05-28,YouTube,91,-0.029770241551164766
2023-05-28,Instagram,92,0.8452950850143183
2023-05-28,TikTok,93,0.8037546575870962
2023-05-28,Twitter,86,0.7622339960006269
2023-05-28,Facebook,97,1.3957687742008884
2023-06-04,YouTube,93,0.4496069813752752
2023-06-04,Instagram,93,0.981061149819687
2023-06-04,TikTok,92,0.7438957262943676
2023-06-04,LinkedIn,92,0.55293071948964
2023-06-04,Facebook,95,1.1799778361905098
2023-06-04,Twitter,87,0.883267515365575
2023-06-11,TikTok,95,0.9234725201725533
2023-06-11,LinkedIn,96,1.0033074923035097
2023-06-11,Twitter,87,0.883267515365575
2023-06-11,Instagram,99,1.795657538651899
2023-06-11,Facebook,94,1.0720823671853204
2023-06-11,YouTube,92,0.20991836991205523
2023-06-18,Facebook,94,1.0720823671853204
2023-06-18,Instagram,95,1.2525932794304242
2023-06-18,YouTube,91,-0.029770241551164766
2023-06-18,TikTok,93,0.8037546575870962
2023-06-18,LinkedIn,93,0.6655249126931074
2023-06-18,Twitter,93,1.609468631555264
2023-06-25,Facebook,95,1.1799778361905098
2023-06-25,Instagram,99,1.795657538651899
2023-06-25,TikTok,100,1.2227671766361965
2023-06-25,YouTube,89,-0.5091474644776047
2023-06-25,LinkedIn,91,0.4403365262861726
2023-06-25,Twitter,99,2.335669747744953
2023-07-02,TikTok,97,1.0431903827580107
2023-07-02,Twitter,99,2.335669747744953
2023-07-02,YouTube,89,-0.5091474644776047
2023-07-02,LinkedIn,93,0.6655249126931074
2023-07-02,Instagram,100,1.9314236034572676
2023-07-02,Facebook,96,1.287873305195699
2023-07-09,Twitter,94,1.730502150920212
2023-07-09,YouTube,98,1.6480500386913752
2023-07-09,LinkedIn,96,1.0033074923035097
2023-07-09,TikTok,94,0.8636135888798248
2023-07-09,Facebook,100,1.7194551812164565
2023-07-09,Instagram,100,1.9314236034572676
2023-07-16,Twitter,85,0.6412004766356787
2023-07-16,YouTube,97,1.4083614272281553
2023-07-16,Instagram,95,1.2525932794304242
2023-07-16,TikTok,96,0.983331451465282
2023-07-16,LinkedIn,90,0.3277423330827052
2023-07-16,Facebook,98,1.5036642432060776
2023-07-23,YouTube,90,-0.26945885301438477
2023-07-23,TikTok,98,1.1030493140507391
2023-07-23,Twitter,100,2.4567032671099014
2023-07-23,Instagram,94,1.1168272146250555
2023-07-23,Facebook,98,1.5036642432060776
2023-07-23,LinkedIn,89,0.21514813987923775
2023-07-30,YouTube,92,0.20991836991205523
2023-07-30,Instagram,92,0.8452950850143183
2023-07-30,LinkedIn,92,0.55293071948964
2023-07-30,Twitter,97,2.0936027090150566
2023-07-30,Facebook,97,1.3957687742008884
2023-07-30,TikTok,100,1.2227671766361965
2023-08-06,Facebook,99,1.611559712211267
2023-08-06,TikTok,96,0.983331451465282
2023-08-06,YouTube,97,1.4083614272281553
2023-08-06,Instagram,94,1.1168272146250555
2023-08-06,LinkedIn,89,0.21514813987923775
2023-08-06,Twitter,91,1.3674015928253678
2023-08-13,Facebook,98,1.5036642432060776
2023-08-13,LinkedIn,84,-0.34782282613809934
2023-08-13,YouTube,95,0.9289842043017152
2023-08-13,Twitter,94,1.730502150920212
2023-08-13,Instagram,96,1.3883593442357929
2023-08-13,TikTok,99,1.1629082453434678
2023-08-20,Instagram,91,0.7095290202089497
2023-08-20,Facebook,94,1.0720823671853204
2023-08-20,LinkedIn,88,0.10255394667577034
2023-08-20,Twitter,87,0.883267515365575
2023-08-20,YouTube,98,1.6480500386913752
2023-08-20,TikTok,95,0.9234725201725533
2023-08-27,YouTube,96,1.1686728157649353
2023-08-27,LinkedIn,90,0.3277423330827052
2023-08-27,Facebook,97,1.3957687742008884
2023-08-27,Instagram,95,1.2525932794304242
2023-08-27,Twitter,84,0.5201669572707306
2023-08-27,TikTok,96,0.983331451465282
2023-09-03,YouTube,93,0.4496069813752752
2023-09-03,Twitter,80,0.036032879810937925
2023-09-03,Facebook,100,1.7194551812164565
2023-09-03,Instagram,90,0.573762955403581
2023-09-03,LinkedIn,95,0.8907132991000423
2023-09-03,TikTok,95,0.9234725201725533
2023-09-10,YouTube,89,-0.5091474644776047
2023-09-10,TikTok,89,0.5643189324161818
2023-09-10,Instagram,87,0.16646476098747506
2023-09-10,LinkedIn,93,0.6655249126931074
2023-09-10,Facebook,96,1.287873305195699
2023-09-10,Twitter,77,-0.32706767828390654
2023-09-17,TikTok,92,0.7438957262943676
2023-09-17,YouTube,94,0.6892955928384953
2023-09-17,Facebook,93,0.964186898180131
2023-09-17,LinkedIn,91,0.4403365262861726
2023-09-17,Instagram,92,0.8452950850143183
2023-09-17,Twitter,81,0.15706639917588608
2023-09-24,Twitter,80,0.036032879810937925
2023-09-24,Instagram,89,0.43799689059821234
2023-09-24,YouTube,94,0.6892955928384953
2023-09-24,TikTok,90,0.6241778637089104
2023-09-24,LinkedIn,90,0.3277423330827052
2023-09-24,Facebook,99,1.611559712211267
2023-10-01,TikTok,90,0.6241778637089104
2023-10-01,LinkedIn,89,0.21514813987923775
2023-10-01,YouTube,91,-0.029770241551164766
2023-10-01,Facebook,93,0.964186898180131
2023-10-01,Twitter,77,-0.32706767828390654
2023-10-01,Instagram,87,0.16646476098747506
2023-10-08,LinkedIn,85,-0.2352286329346319
2023-10-08,Instagram,87,0.16646476098747506
2023-10-08,YouTube,93,0.4496069813752752
2023-10-08,Twitter,82,0.27809991854083427
2023-10-08,TikTok,88,0.5044600011234531
2023-10-08,Facebook,91,0.7483959601697523
2023-10-15,YouTube,97,1.4083614272281553
2023-10-15,TikTok,85,0.32488320724526737
2023-10-15,Instagram,85,-0.10506736862326224
2023-10-15,LinkedIn,92,0.55293071948964
2023-10-15,Facebook,91,0.7483959601697523
2023-10-15,Twitter,78,-0.2060341589189584
2023-10-22,Facebook,91,0.7483959601697523
2023-10-22,YouTube,100,2.1274272616178154
2023-10-22,TikTok,90,0.6241778637089104
2023-10-22,Twitter,78,-0.2060341589189584
2023-10-22,LinkedIn,85,-0.2352286329346319
2023-10-22,Instagram,88,0.3022308257928437
2023-10-29,LinkedIn,82,-0.5730112125450342
2023-10-29,Instagram,90,0.573762955403581
2023-10-29,Twitter,76,-0.4481011976488547
2023-10-29,YouTube,96,1.1686728157649353
2023-10-29,TikTok,87,0.44460106983072456
2023-10-29,Facebook,87,0.316814084148995
2023-11-05,Twitter,77,-0.32706767828390654
2023-11-05,LinkedIn,86,-0.12263443973116449
2023-11-05,Instagram,89,0.43799689059821234
2023-11-05,Facebook,94,1.0720823671853204
2023-11-05,TikTok,83,0.20516534465981012
2023-11-05,YouTube,94,0.6892955928384953
2023-11-12,LinkedIn,83,-0.4604170193415667
2023-11-12,Facebook,86,0.20891861514380566
2023-11-12,Instagram,90,0.573762955403581
2023-11-12,TikTok,94,0.8636135888798248
2023-11-12,Twitter,75,-0.5691347170138029
2023-11-12,YouTube,92,0.20991836991205523
2023-11-19,TikTok,90,0.6241778637089104
2023-11-19,Instagram,87,0.16646476098747506
2023-11-19,Twitter,75,-0.5691347170138029
2023-11-19,LinkedIn,81,-0.6856054057485016
2023-11-19,Facebook,91,0.7483959601697523
2023-11-19,YouTube,93,0.4496069813752752
2023-11-26,TikTok,87,0.44460106983072456
2023-11-26,Twitter,75,-0.5691347170138029
2023-11-26,LinkedIn,89,0.21514813987923775
2023-11-26,Facebook,88,0.42470955315418435
2023-11-26,Instagram,88,0.3022308257928437
2023-11-26,YouTube,97,1.4083614272281553
2023-12-03,Twitter,75,-0.5691347170138029
2023-12-03,YouTube,94,0.6892955928384953
2023-12-03,TikTok,88,0.5044600011234531
2023-12-03,LinkedIn,85,-0.2352286329346319
2023-12-03,Facebook,88,0.42470955315418435
2023-12-03,Instagram,87,0.16646476098747506
2023-12-10,Instagram,89,0.43799689059821234
2023-12-10,TikTok,85,0.32488320724526737
2023-12-10,Twitter,75,-0.5691347170138029
2023-12-10,Facebook,88,0.42470955315418435
2023-12-10,YouTube,97,1.4083614272281553
2023-12-10,LinkedIn,86,-0.12263443973116449
2023-12-17,Instagram,93,0.981061149819687
2023-12-17,Facebook,87,0.316814084148995
2023-12-17,Twitter,78,-0.2060341589189584
2023-12-17,LinkedIn,81,-0.6856054057485016
2023-12-17,YouTube,98,1.6480500386913752
2023-12-17,TikTok,85,0.32488320724526737
2023-12-24,TikTok,92,0.7438957262943676
2023-12-24,Facebook,90,0.640500491164563
2023-12-24,Instagram,98,1.6598914738465302
2023-12-24,LinkedIn,62,-2.8248950766143825
2023-12-24,YouTube,97,1.4083614272281553
2023-12-24,Twitter,82,0.27809991854083427
2023-12-31,TikTok,89,0.5643189324161818
2023-12-31,Facebook,90,0.640500491164563
2023-12-31,LinkedIn,78,-1.0233879853589039
2023-12-31,YouTube,92,0.20991836991205523
2023-12-31,Instagram,96,1.3883593442357929
2023-12-31,Twitter,76,-0.4481011976488547
2024-01-07,TikTok,97,1.0431903827580107
2024-01-07,YouTube,87,-0.9885246874040448
2024-01-07,Facebook,84,-0.006872322866572998
2024-01-07,LinkedIn,92,0.55293071948964
2024-01-07,Instagram,94,1.1168272146250555
2024-01-07,Twitter,95,1.8515356702851604
2024-01-14,TikTok,96,0.983331451465282
2024-01-14,LinkedIn,87,-0.010040246527697078
2024-01-14,Instagram,92,0.8452950850143183
2024-01-14,Facebook,83,-0.11476779187176234
2024-01-14,YouTube,90,-0.26945885301438477
2024-01-14,Twitter,99,2.335669747744953
2024-01-21,LinkedIn,90,0.3277423330827052
2024-01-21,Instagram,95,1.2525932794304242
2024-01-21,TikTok,96,0.983331451465282
2024-01-21,YouTube,89,-0.5091474644776047
2024-01-21,Facebook,81,-0.330558729882141
2024-01-21,Twitter,97,2.0936027090150566
2024-01-28,TikTok,85,0.32488320724526737
2024-01-28,Facebook,79,-0.5463496678925197
2024-01-28,Twitter,94,1.730502150920212
2024-01-28,LinkedIn,95,0.8907132991000423
2024-01-28,Instagram,79,-0.9196637574554741
2024-01-28,YouTube,94,0.6892955928384953
2024-02-04,LinkedIn,94,0.7781191058965748
2024-02-04,Twitter,100,2.4567032671099014
2024-02-04,Facebook,76,-0.8700360749080877
2024-02-04,TikTok,82,0.14530641336708153
2024-02-04,YouTube,97,1.4083614272281553
2024-02-04,Instagram,81,-0.6481316278447369
2024-02-11,TikTok,83,0.20516534465981012
2024-02-11,Instagram,77,-1.1911958870662114
2024-02-11,Facebook,76,-0.8700360749080877
2024-02-11,Twitter,91,1.3674015928253678
2024-02-11,YouTube,92,0.20991836991205523
2024-02-11,LinkedIn,90,0.3277423330827052
2024-02-18,LinkedIn,96,1.0033074923035097
2024-02-18,Twitter,87,0.883267515365575
2024-02-18,Instagram,79,-0.9196637574554741
2024-02-18,TikTok,83,0.20516534465981012
2024-02-18,YouTube,94,0.6892955928384953
2024-02-18,Facebook,78,-0.654245136897709
2024-02-25,Instagram,79,-0.9196637574554741
2024-02-25,TikTok,84,0.26502427595253875
2024-02-25,YouTube,93,0.4496069813752752
2024-02-25,LinkedIn,94,0.7781191058965748
2024-02-25,Facebook,76,-0.8700360749080877
2024-02-25,Twitter,87,0.883267515365575
2024-03-03,Instagram,90,0.573762955403581
2024-03-03,LinkedIn,96,1.0033074923035097
2024-03-03,Twitter,93,1.609468631555264
2024-03-03,TikTok,82,0.14530641336708153
2024-03-03,Facebook,100,1.7194551812164565
2024-03-03,YouTube,93,0.4496069813752752
2024-03-10,TikTok,96,0.983331451465282
2024-03-10,YouTube,92,0.20991836991205523
2024-03-10,LinkedIn,91,0.4403365262861726
2024-03-10,Facebook,75,-0.977931543913277
2024-03-10,Instagram,80,-0.7838976926501054
2024-03-10,Twitter,84,0.5201669572707306
2024-03-17,YouTube,97,1.4083614272281553
2024-03-17,LinkedIn,90,0.3277423330827052
2024-03-17,Instagram,82,-0.5123655630393682
2024-03-17,Twitter,90,1.2463680734604194
2024-03-17,TikTok,87,0.44460106983072456
2024-03-17,Facebook,79,-0.5463496678925197
2024-03-24,Facebook,77,-0.7621406059028983
2024-03-24,Twitter,92,1.4884351121903159
2024-03-24,LinkedIn,89,0.21514813987923775
2024-03-24,Instagram,83,-0.3765994982339995
2024-03-24,TikTok,90,0.6241778637089104
2024-03-24,YouTube,97,1.4083614272281553
2024-03-31,YouTube,92,0.20991836991205523
2024-03-31,TikTok,86,0.38474213853799594
2024-03-31,Facebook,77,-0.7621406059028983
2024-03-31,Instagram,80,-0.7838976926501054
2024-03-31,LinkedIn,89,0.21514813987923775
2024-03-31,Twitter,91,1.3674015928253678
2024-04-07,YouTube,92,0.20991836991205523
2024-04-07,TikTok,84,0.26502427595253875
2024-04-07,Facebook,71,-1.4095134199340345
2024-04-07,Instagram,77,-1.1911958870662114
2024-04-07,LinkedIn,87,-0.010040246527697078
2024-04-07,Twitter,86,0.7622339960006269
2024-04-14,YouTube,94,0.6892955928384953
2024-04-14,LinkedIn,90,0.3277423330827052
2024-04-14,Twitter,90,1.2463680734604194
2024-04-14,Instagram,79,-0.9196637574554741
2024-04-14,TikTok,83,0.20516534465981012
2024-04-14,Facebook,71,-1.4095134199340345
2024-04-21,Twitter,88,1.0043010347305232
2024-04-21,Instagram,77,-1.1911958870662114
2024-04-21,TikTok,87,0.44460106983072456
2024-04-21,LinkedIn,88,0.10255394667577034
2024-04-21,Facebook,73,-1.1937224819236556
2024-04-21,YouTube,93,0.4496069813752752
2024-04-28,Twitter,87,0.883267515365575
2024-04-28,Instagram,79,-0.9196637574554741
2024-04-28,TikTok,88,0.5044600011234531
2024-04-28,LinkedIn,86,-0.12263443973116449
2024-04-28,Facebook,72,-1.301617950928845
2024-04-28,YouTube,97,1.4083614272281553
2024-05-05,Instagram,78,-1.0554298222608427
2024-05-05,Twitter,87,0.883267515365575
2024-05-05,Facebook,72,-1.301617950928845
2024-05-05,TikTok,89,0.5643189324161818
2024-05-05,YouTube,92,0.20991836991205523
2024-05-05,LinkedIn,81,-0.6856054057485016
2024-05-12,YouTube,91,-0.029770241551164766
2024-05-12,Twitter,90,1.2463680734604194
2024-05-12,TikTok,83,0.20516534465981012
2024-05-12,LinkedIn,91,0.4403365262861726
2024-05-12,Instagram,78,-1.0554298222608427
2024-05-12,Facebook,71,-1.4095134199340345
2024-05-19,Instagram,76,-1.32696195187158
2024-05-19,TikTok,86,0.38474213853799594
2024-05-19,Facebook,69,-1.625304357944413
2024-05-19,LinkedIn,89,0.21514813987923775
2024-05-19,Twitter,88,1.0043010347305232
2024-05-19,YouTube,91,-0.029770241551164766
2024-05-26,YouTube,87,-0.9885246874040448
2024-05-26,LinkedIn,90,0.3277423330827052
2024-05-26,Instagram,77,-1.1911958870662114
2024-05-26,TikTok,88,0.5044600011234531
2024-05-26,Twitter,90,1.2463680734604194
2024-05-26,Facebook,73,-1.1937224819236556
2024-06-02,YouTube,90,-0.26945885301438477
2024-06-02,TikTok,86,0.38474213853799594
2024-06-02,Instagram,76,-1.32696195187158
2024-06-02,Twitter,92,1.4884351121903159
2024-06-02,LinkedIn,89,0.21514813987923775
2024-06-02,Facebook,71,-1.4095134199340345
2024-06-09,TikTok,89,0.5643189324161818
2024-06-09,YouTube,89,-0.5091474644776047
2024-06-09,Instagram,79,-0.9196637574554741
2024-06-09,Twitter,91,1.3674015928253678
2024-06-09,Facebook,73,-1.1937224819236556
2024-06-09,LinkedIn,87,-0.010040246527697078
2024-06-16,TikTok,90,0.6241778637089104
2024-06-16,Twitter,91,1.3674015928253678
2024-06-16,Facebook,71,-1.4095134199340345
2024-06-16,YouTube,87,-0.9885246874040448
2024-06-16,LinkedIn,88,0.10255394667577034
2024-06-16,Instagram,80,-0.7838976926501054
2024-06-23,YouTube,84,-1.7075905217937049
2024-06-23,LinkedIn,86,-0.12263443973116449
2024-06-23,Instagram,78,-1.0554298222608427
2024-06-23,TikTok,90,0.6241778637089104
2024-06-23,Twitter,89,1.1253345540954713
2024-06-23,Facebook,71,-1.4095134199340345
2024-06-30,TikTok,91,0.6840367950016389
2024-06-30,Facebook,67,-1.8410952959547917
2024-06-30,Instagram,79,-0.9196637574554741
2024-06-30,Twitter,89,1.1253345540954713
2024-06-30,LinkedIn,76,-1.2485763717658387
2024-06-30,YouTube,85,-1.4679019103304847
2024-07-07,YouTube,89,-0.5091474644776047
2024-07-07,Instagram,76,-1.32696195187158
2024-07-07,Twitter,90,1.2463680734604194
2024-07-07,LinkedIn,90,0.3277423330827052
2024-07-07,TikTok,88,0.5044600011234531
2024-07-07,Facebook,70,-1.5174088889392237
2024-07-14,YouTube,91,-0.029770241551164766
2024-07-14,Twitter,94,1.730502150920212
2024-07-14,LinkedIn,86,-0.12263443973116449
2024-07-14,TikTok,91,0.6840367950016389
2024-07-14,Facebook,70,-1.5174088889392237
2024-07-14,Instagram,80,-0.7838976926501054
2024-07-21,YouTube,82,-2.1869677447201448
2024-07-21,LinkedIn,88,0.10255394667577034
2024-07-21,TikTok,86,0.38474213853799594
2024-07-21,Facebook,69,-1.625304357944413
2024-07-21,Instagram,84,-0.2408334334286309
2024-07-21,Twitter,95,1.8515356702851604
2024-07-28,Twitter,93,1.609468631555264
2024-07-28,Facebook,70,-1.5174088889392237
2024-07-28,YouTube,95,0.9289842043017152
2024-07-28,TikTok,88,0.5044600011234531
2024-07-28,LinkedIn,86,-0.12263443973116449
2024-07-28,Instagram,82,-0.5123655630393682
2024-08-04,TikTok,89,0.5643189324161818
2024-08-04,YouTube,88,-0.7488360759408248
2024-08-04,LinkedIn,85,-0.2352286329346319
2024-08-04,Facebook,68,-1.7331998269496023
2024-08-04,Instagram,78,-1.0554298222608427
2024-08-04,Twitter,91,1.3674015928253678
2024-08-11,TikTok,90,0.6241778637089104
2024-08-11,YouTube,92,0.20991836991205523
2024-08-11,Facebook,71,-1.4095134199340345
2024-08-11,LinkedIn,85,-0.2352286329346319
2024-08-11,Twitter,91,1.3674015928253678
2024-08-11,Instagram,81,-0.6481316278447369
2024-08-18,YouTube,94,0.6892955928384953
2024-08-18,Facebook,73,-1.1937224819236556
2024-08-18,TikTok,97,1.0431903827580107
2024-08-18,LinkedIn,91,0.4403365262861726
2024-08-18,Twitter,85,0.6412004766356787
2024-08-18,Instagram,79,-0.9196637574554741
2024-08-25,YouTube,95,0.9289842043017152
2024-08-25,LinkedIn,91,0.4403365262861726
2024-08-25,Instagram,78,-1.0554298222608427
2024-08-25,Twitter,89,1.1253345540954713
2024-08-25,TikTok,91,0.6840367950016389
2024-08-25,Facebook,69,-1.625304357944413
2024-09-01,LinkedIn,95,0.8907132991000423
2024-09-01,Instagram,80,-0.7838976926501054
2024-09-01,YouTube,92,0.20991836991205523
2024-09-01,Facebook,69,-1.625304357944413
2024-09-01,TikTok,90,0.6241778637089104
2024-09-01,Twitter,84,0.5201669572707306
2024-09-08,Facebook,69,-1.625304357944413
2024-09-08,Twitter,80,0.036032879810937925
2024-09-08,LinkedIn,95,0.8907132991000423
2024-09-08,YouTube,95,0.9289842043017152
2024-09-08,TikTok,90,0.6241778637089104
2024-09-08,Instagram,77,-1.1911958870662114
2024-09-15,YouTube,97,1.4083614272281553
2024-09-15,LinkedIn,96,1.0033074923035097
2024-09-15,Twitter,81,0.15706639917588608
2024-09-15,Facebook,68,-1.7331998269496023
2024-09-15,TikTok,90,0.6241778637089104
2024-09-15,Instagram,78,-1.0554298222608427
2024-09-22,YouTube,94,0.6892955928384953
2024-09-22,LinkedIn,98,1.2284958787104445
2024-09-22,Facebook,67,-1.8410952959547917
2024-09-22,Instagram,78,-1.0554298222608427
2024-09-22,Twitter,79,-0.08500063955401024
2024-09-22,TikTok,88,0.5044600011234531
2024-09-29,Twitter,77,-0.32706767828390654
2024-09-29,LinkedIn,95,0.8907132991000423
2024-09-29,Facebook,67,-1.8410952959547917
2024-09-29,YouTube,92,0.20991836991205523
2024-09-29,Instagram,76,-1.32696195187158
2024-09-29,TikTok,94,0.8636135888798248
2024-10-06,YouTube,94,0.6892955928384953
2024-10-06,Instagram,79,-0.9196637574554741
2024-10-06,TikTok,90,0.6241778637089104
2024-10-06,LinkedIn,96,1.0033074923035097
2024-10-06,Twitter,78,-0.2060341589189584
2024-10-06,Facebook,67,-1.8410952959547917
2024-10-13,YouTube,93,0.4496069813752752
2024-10-13,TikTok,92,0.7438957262943676
2024-10-13,Twitter,80,0.036032879810937925
2024-10-13,LinkedIn,95,0.8907132991000423
2024-10-13,Instagram,78,-1.0554298222608427
2024-10-13,Facebook,62,-2.380572640980738
2024-10-20,YouTube,96,1.1686728157649353
2024-10-20,LinkedIn,100,1.4536842651173794
2024-10-20,Instagram,78,-1.0554298222608427
2024-10-20,Twitter,80,0.036032879810937925
2024-10-20,TikTok,93,0.8037546575870962
2024-10-20,Facebook,66,-1.948990764959981
2024-10-27,YouTube,94,0.6892955928384953
2024-10-27,LinkedIn,87,-0.010040246527697078
2024-10-27,Twitter,77,-0.32706767828390654
2024-10-27,Instagram,80,-0.7838976926501054
2024-10-27,Facebook,62,-2.380572640980738
2024-10-27,TikTok,96,0.983331451465282
2024-11-03,YouTube,94,0.6892955928384953
2024-11-03,Twitter,81,0.15706639917588608
2024-11-03,TikTok,88,0.5044600011234531
2024-11-03,LinkedIn,87,-0.010040246527697078
2024-11-03,Instagram,76,-1.32696195187158
2024-11-03,Facebook,59,-2.7042590479963065
2024-11-10,LinkedIn,96,1.0033074923035097
2024-11-10,Instagram,74,-1.5984940814823174
2024-11-10,Twitter,78,-0.2060341589189584
2024-11-10,YouTube,98,1.6480500386913752
2024-11-10,TikTok,91,0.6840367950016389
2024-11-10,Facebook,65,-2.0568862339651703
2024-11-17,Twitter,74,-0.690168236378751
2024-11-17,TikTok,91,0.6840367950016389
2024-11-17,Facebook,61,-2.4884681099859276
2024-11-17,YouTube,96,1.1686728157649353
2024-11-17,Instagram,74,-1.5984940814823174
2024-11-17,LinkedIn,98,1.2284958787104445
2024-11-24,Instagram,71,-2.0057922758984232
2024-11-24,Twitter,66,-1.6584363912983364
2024-11-24,LinkedIn,87,-0.010040246527697078
2024-11-24,YouTube,94,0.6892955928384953
2024-11-24,TikTok,88,0.5044600011234531
2024-11-24,Facebook,59,-2.7042590479963065
2024-12-01,LinkedIn,94,0.7781191058965748
2024-12-01,TikTok,90,0.6241778637089104
2024-12-01,Twitter,70,-1.1743023138385438
2024-12-01,YouTube,94,0.6892955928384953
2024-12-01,Instagram,74,-1.5984940814823174
2024-12-01,Facebook,60,-2.596363578991117
2024-12-08,Twitter,73,-0.8112017557436992
2024-12-08,LinkedIn,96,1.0033074923035097
2024-12-08,Instagram,79,-0.9196637574554741
2024-12-08,Facebook,64,-2.1647817029703598
2024-12-08,YouTube,99,1.8877386501545952
2024-12-08,TikTok,94,0.8636135888798248
2024-12-15,Facebook,59,-2.7042590479963065
2024-12-15,Instagram,70,-2.141558340703792
2024-12-15,YouTube,99,1.8877386501545952
2024-12-15,LinkedIn,90,0.3277423330827052
2024-12-15,TikTok,91,0.6840367950016389
2024-12-15,Twitter,70,-1.1743023138385438
2024-12-22,YouTube,100,2.1274272616178154
2024-12-22,Facebook,62,-2.380572640980738
2024-12-22,TikTok,100,1.2227671766361965
2024-12-22,LinkedIn,65,-2.48711249700398
2024-12-22,Instagram,79,-0.9196637574554741
2024-12-22,Twitter,73,-0.8112017557436992
2024-12-29,Twitter,74,-0.690168236378751
2024-12-29,Facebook,60,-2.596363578991117
2024-12-29,YouTube,91,-0.029770241551164766
2024-12-29,TikTok,99,1.1629082453434678
2024-12-29,Instagram,83,-0.3765994982339995
2024-12-29,LinkedIn,69,-2.0367357241901103
